Type of Correlation	P	P-pval	R	R-pval	F1	F1-pval
Spearman Rank Correlation	0.8637362637362638	6.846377605646043e-05	0.9164835164835166	4.084158819686066e-06	0.9076923076923077	7.3017039968523426e-06
Pearson Correlation Coefficient	0.9832541647614795	3.071123134558475e-10	0.9889221539693748	2.6055059434975015e-11	0.9893805796126409	2.023920506893568e-11
Kendall Rank Correlation	0.7362637362637363	7.724287672204338e-05	0.8241758241758242	3.7950961810088793e-06	0.7802197802197802	1.9192943300086156e-05
