Type of Correlation	P	P-pval	R	R-pval	F1	F1-pval
Spearman Rank Correlation	0.9761904761904763	3.3143960262001043e-05	1.0	0.0	1.0	0.0
Pearson Correlation Coefficient	0.9822267727699138	1.38494237350895e-05	0.9947927172205473	3.516218286547663e-07	0.9908291766862518	1.9150188614896126e-06
Kendall Rank Correlation	0.9285714285714285	0.0003968253968253968	0.9999999999999998	4.96031746031746e-05	0.9999999999999998	4.96031746031746e-05
