Type of Correlation	P	P-pval	R	R-pval	F1	F1-pval
Spearman Rank Correlation	0.976470588235294	1.0061504401171986e-10	0.9911764705882352	1.090829151044044e-13	0.988235294117647	8.108881053980581e-13
Pearson Correlation Coefficient	0.996772579668894	9.697154082982646e-17	0.9974702374293378	1.766079259590668e-17	0.998652237499236	2.15821145306892e-19
Kendall Rank Correlation	0.9	4.725564828078056e-09	0.9666666666666667	1.290458879744594e-11	0.9500000000000001	7.637604777155041e-11
