Type of Correlation	P	P-pval	R	R-pval	F1	F1-pval
Spearman Rank Correlation	0.7	0.1881204043741873	0.39999999999999997	0.5046315754686911	0.7	0.1881204043741873
Pearson Correlation Coefficient	0.915168302302038	0.029279673444301907	0.5686761545459716	0.31711919884451145	0.8124365792995747	0.09472040881232802
Kendall Rank Correlation	0.6	0.23333333333333334	0.39999999999999997	0.48333333333333334	0.6	0.23333333333333334
