Type of Correlation	P	P-pval
Spearman Rank Correlation	0.7	0.1881204043741873
Pearson Correlation Coefficient	0.4953443999488351	0.39614368629136815
Kendall Rank Correlation	0.6	0.23333333333333334
