Type of Correlation	P	P-pval
Spearman Rank Correlation	0.8999999999999998	0.03738607346849874
Pearson Correlation Coefficient	0.9559577409671642	0.011021689354988824
Kendall Rank Correlation	0.7999999999999999	0.08333333333333333
