Type of Correlation	P	P-pval
Spearman Rank Correlation	0.9735294117647059	2.276897655666222e-10
Pearson Correlation Coefficient	0.9925671701280544	3.2955685802001384e-14
Kendall Rank Correlation	0.9166666666666666	1.3894896500716607e-09
