metric	correlation	cs-en	de-en	fi-en	ru-en	et-en	zh-en	tr-en
BERTScore RoBERTa MNLI (idf) P	Spearman	0.8999999999999998	0.976470588235294	1.0	0.9761904761904763	0.9724978382040325	0.8637362637362638	0.7
BERTScore RoBERTa MNLI (idf) P	Pearson	0.972445231325584	0.9967725874936031	0.9877600569601552	0.9822268259931578	0.992188676529991	0.9832541936923814	0.9151697439057764
BERTScore RoBERTa MNLI (idf) P	Kendall	0.7999999999999999	0.9	1.0	0.9285714285714285	0.9060911769801211	0.7362637362637363	0.6
BERTScore RoBERTa MNLI (idf) R	Spearman	0.9999999999999999	0.9911764705882352	1.0	1.0	0.9812987236176437	0.9164835164835166	0.39999999999999997
BERTScore RoBERTa MNLI (idf) R	Pearson	0.9965288040887312	0.9974702378169488	0.9968882132059979	0.9947927556449485	0.9843375706927618	0.9889221445707668	0.5686821022479827
BERTScore RoBERTa MNLI (idf) R	Kendall	0.9999999999999999	0.9666666666666667	1.0	0.9999999999999998	0.9281909617845142	0.8241758241758242	0.39999999999999997
BERTScore RoBERTa MNLI (idf) F1	Spearman	0.9999999999999999	0.988235294117647	1.0	1.0	0.9812987236176437	0.9076923076923077	0.7
BERTScore RoBERTa MNLI (idf) F1	Pearson	0.9856199412577936	0.9986522468957545	0.9933007833465467	0.9908292447913817	0.9915689680926705	0.9893805733785664	0.8124317798447831
BERTScore RoBERTa MNLI (idf) F1	Kendall	0.9999999999999999	0.9500000000000001	1.0	0.9999999999999998	0.9281909617845142	0.7802197802197802	0.6
