metric	correlation	cs-en	de-en	et-en	fi-en	ru-en	tr-en	zh-en
BLEU P	Spearman	0.9	0.973529412	0.97469806	1	0.952380952	0.7	0.89010989
BLEU P	Pearson	0.955957741	0.99256717	0.986984388	0.986351569	0.982251023	0.4953444	0.973139536
BLEU P	Kendall	0.8	0.916666667	0.906091177	1	0.857142857	0.6	0.78021978
