LP	correlation	cs-en	de-en	et-en	fi-en	ru-en	tr-en	zh-en
BLEU P Spearmann	Spearman	0.8999999999999998	0.9735294117647059	0.9746980595574354	1.0	0.9523809523809524	0.7	0.8901098901098902
BLEU P Pearson	Pearson	0.9559577409671642	0.9925671701280544	0.986984388044375	0.9863515685013529	0.9822510231156382	0.4953443999488351	0.9731395361499742
BLEU P KendallTau	Kendall	0.7999999999999999	0.9166666666666666	0.9060911769801211	1.0	0.8571428571428571	0.6	0.7802197802197802
