metric	correlation	cs-en	de-en	et-en	fi-en	ru-en	tr-en	zh-en
ROUGE-1	Spearman	0.8999999999999998	0.9705882352941176	0.9746980595574354	1.0	0.9523809523809524	0.7	0.9340659340659341
ROUGE-1	Pearson	0.9616248299844116	0.9916207441865612	0.9829370436590921	0.9958981382471708	0.9753216344808029	0.6055234445394778	0.9793391997163913
ROUGE-1	Kendall	0.7999999999999999	0.9	0.9060911769801211	1.0	0.8571428571428571	0.6	0.8461538461538461
ROUGE-2	Spearman	0.8999999999999998	0.961764705882353	0.9746980595574354	1.0	0.9047619047619048	-0.6	0.9076923076923077
ROUGE-2	Pearson	0.962191725181871	0.9815403648905583	0.9895798407753653	0.9810733238111388	0.9735930437395687	-0.7896335643709506	0.9837982607413709
ROUGE-2	Kendall	0.7999999999999999	0.8833333333333333	0.9060911769801211	1.0	0.7857142857142856	-0.39999999999999997	0.7802197802197802
ROUGE-L	Spearman	0.8999999999999998	0.9588235294117649	0.9702976168506299	1.0	0.9047619047619048	0.0	0.9340659340659341
ROUGE-L	Pearson	0.9644666668041016	0.9877658867416002	0.9896488902574605	0.9930689917504967	0.9750885138936685	-0.15300611543615827	0.9852684988240935
ROUGE-L	Kendall	0.7999999999999999	0.8666666666666667	0.8839913921757279	1.0	0.7857142857142856	0.0	0.8461538461538461
