cand id	F1 score	R score	P score	score
0	0.8730885	0.87197036	0.8742096	0.6
1	0.8825213	0.88878614	0.87634414	1.0
2	0.88331723	0.90051425	0.8667648	0.4
3	0.91203517	0.91330713	0.91076666	1.0
4	0.86680585	0.881654	0.8524495	0.4
5	0.8565864	0.854524	0.8586588	0.4
6	0.9053068	0.905465	0.9051488	1.0
7	0.86976975	0.85462654	0.8854593	-0.2
8	0.88244253	0.8917551	0.87332237	0.6
