Type of Correlation	P	P-pval	R	R-pval	F1	F1-pval
Spearman Rank Correlation	0.8999999999999998	0.03738607346849874	0.9999999999999999	1.4042654220543672e-24	0.9999999999999999	1.4042654220543672e-24
Pearson Correlation Coefficient	0.9724452967035937	0.005467946532197386	0.9965288643084045	0.00024536634342330445	0.9856197567852818	0.002065590344632487
Kendall Rank Correlation	0.7999999999999999	0.08333333333333333	0.9999999999999999	0.016666666666666666	0.9999999999999999	0.016666666666666666
