Type of Correlation	P	P-pval	R	R-pval	F1	F1-pval
Spearman Rank Correlation	0.9724978382040325	5.887887404083159e-09	0.9812987236176437	5.932685085427746e-10	0.9812987236176437	5.932685085427746e-10
Pearson Correlation Coefficient	0.992188683420751	3.2252011507689216e-12	0.984337543268274	2.0607738325130315e-10	0.9915689672969799	5.0923405688961115e-12
Kendall Rank Correlation	0.9060911769801211	6.930135402225925e-06	0.9281909617845142	4.115209452987626e-06	0.9281909617845142	4.115209452987626e-06
