Type of Correlation	P	P-pval	R	R-pval	F1	F1-pval
Spearman Rank Correlation	1.0	0.0	1.0	0.0	1.0	0.0
Pearson Correlation Coefficient	0.9877600755583553	6.600596448764745e-07	0.996888196088183	5.5177903041584755e-09	0.9933007647629092	8.049952508058557e-08
Kendall Rank Correlation	1.0	5.5114638447971785e-06	1.0	5.5114638447971785e-06	1.0	5.5114638447971785e-06
